{"rentals": [
    {"type" : "Honda Metro Scooter",
        "passengers" : "1",
        "image" : "metro.jpg",
        "reservationRates" : {
           "half-day" : "20",
            "full-day" : "30"
           },
        "walkInRates" : {
           "half-day" : "25",
            "full-day" : "35"
           }
       },
    {"type" : "Honda Dio Scooter",
        "passengers" : "2",
        "image" : "dio.jpg",
        "reservationRates" : {
           "half-day" : "30",
            "full-day" : "40"
           },
        "walkInRates" : {
           "half-day" : "35",
            "full-day" : "45"
           }
       },
    {"type" : "Honda PCX150 Scooter",
        "passengers" : "2",
        "image" : "pcx150.jpg",
        "reservationRates" : {
           "half-day" : "40",
            "full-day" : "50"
           },
        "walkInRates" : {
           "half-day" : "45",
            "full-day" : "55"
           }
       },
    {"type" : "Honda Pioneer ATV",
        "passengers" : "4",
        "image" : "pioneer.jpg",
        "reservationRates" : {
           "half-day" : "50",
            "full-day" : "70"
           },
        "walkInRates" : {
           "half-day" : "60",
            "full-day" : "80"
           }
       },
    {"type" : "Jeep Wrangler - 4 door with a/c",
        "passengers" : "5",
        "image" : "jw-4.jpg",
        "reservationRates" : {
           "half-day" : "70",
            "full-day" : "100"
           },
        "walkInRates" : {
           "half-day" : "85",
            "full-day" : "125"
           }
       },
    {"type" : "Jeep Wrangler - 2 door",
        "passengers" : "4",
        "image" : "jw-2.jpg",
        "reservationRates" : {
           "half-day" : "60",
            "full-day" : "85"
           },
        "walkInRates" : {
           "half-day" : "70",
            "full-day" : "90"
           }
       }
]}